<beans xmlns="http://www.springframework.org/schema/beans"
	xmlns:context="http://www.springframework.org/schema/context" xmlns:p="http://www.springframework.org/schema/p"
	xmlns:mvc="http://www.springframework.org/schema/mvc" xmlns:xsi="http://www.w3.org/2001/XMLSchema-instance"
	xsi:schemaLocation=" http://www.springframework.org/schema/beans http://www.springframework.org/schema/beans/spring-beans-3.0.xsd http://www.springframework.org/schema/context   
        http://www.springframework.org/schema/context/spring-context-3.0.xsd http://www.springframework.org/schema/mvc http://www.springframework.org/schema/mvc/spring-mvc-3.0.xsd">


	<context:annotation-config />
	<context:component-scan base-package="com.cybage" />
	<mvc:annotation-driven />
	<bean id="viewResolver"
		class="org.springframework.web.servlet.view.InternalResourceViewResolver"
		p:prefix="/WEB-INF/views/" p:suffix=".jsp"
		p:viewClass="org.springframework.web.servlet.view.JstlView" />

	<import resource="classpath:/hibernate-persistence.xml" />
</beans>






<!-- <beans xmlns="http://www.springframework.org/schema/beans"
	xmlns:context="http://www.springframework.org/schema/context"
	xmlns:mvc="http://www.springframework.org/schema/mvc" xmlns:xsi="http://www.w3.org/2001/XMLSchema-instance"
	xsi:schemaLocation=" http://www.springframework.org/schema/beans http://www.springframework.org/schema/beans/spring-beans-3.0.xsd http://www.springframework.org/schema/context   
        http://www.springframework.org/schema/context/spring-context-3.0.xsd http://www.springframework.org/schema/mvc http://www.springframework.org/schema/mvc/spring-mvc-3.0.xsd">
	
	<context:annotation-config />
	<context:component-scan base-package="com.cybage" />
	<mvc:annotation-driven />
	<bean id="viewResolver"
		class="org.springframework.web.servlet.view.InternalResourceViewResolver"
		p:prefix="/WEB-INF/views/" p:suffix=".jsp"
		p:viewClass="org.springframework.web.servlet.view.JstlView" />
		<import resource="classpath:/hibernate-persistence.xml" />
	<mvc:annotation-driven /> <context:component-scan base-package="com.cybage" 
		/> <bean class="org.springframework.web.servlet.view.InternalResourceViewResolver"> 
		<property name="prefix" value="/WEB-INF/views/" /> <property name="suffix" 
		value=".jsp" /> </bean>
</beans> -->